,,,,,,,,,,,
,Luna,NR,TRUST,PENTRU,CUVANT CHEIE,LINK,Tip ,STATUS,LINK ARTICOL,Articol Scris,Pret
,,,,,,,,,,Articol ,
,Februarie,1,BZI,Glemis.ro,pantofi damă din piele naturala,https://www.glemis.ro/incaltaminte-femei-pantofi-dama,DoFollow,Publicat,https://www.bzi.ro/incaltamintea-glemis-produsa-in-romania-cu-accent-pe-calitate-5473804,,"1.272,85 RTA 1317"
,Februarie,2,BZT,Glemis.ro,pantofi dama din piele naturala,https://www.glemis.ro/incaltaminte-femei-pantofi-dama,DoFollow,Publicat,https://www.bzt.ro/de-ce-pantofii-din-piele-natural-sunt-alegerea-preferat-a-femeilor-elegante-69885,,
,Februarie,3,BZV,Glemis.ro,pantofi damă din piele naturală,https://www.glemis.ro/incaltaminte-femei-pantofi-dama,DoFollow,Publicat,https://bzv.ro/5-motive-pentru-a-alege-incaltamintea-de-la-glemis/,,
,Februarie,4,BZC,Glemis.ro,pantofi dama din piele naturală,https://www.glemis.ro/incaltaminte-femei-pantofi-dama,DoFollow,Publicat,https://www.bzc.ro/cum-iti-transforma-o-pereche-de-pantofi-din-piele-intreaga-garderoba/,,
,Februarie,5,StirileBzi.ro,Glemis.ro,pantofi dama din piele naturala,https://www.glemis.ro/incaltaminte-femei-pantofi-dama,DoFollow,Publicat,https://stirilebzi.ro/incaltamintea-din-piele-naturala-o-investitie-cu-avantaje-pe-termen-lung-31965,,
,Februarie,,Libertatea.ro,Glemis.ro,pantofi dama,https://www.glemis.ro/incaltaminte-femei-pantofi-dama,DoFollow,Publicat,https://www.libertatea.ro/publicitate-advertorial/top-5-motive-pentru-a-alege-incaltamintea-din-piele-naturala-5615874,,
,Februarie,,Elle.ro,Glemis.ro,pantofi dama piele,https://www.glemis.ro/incaltaminte-femei-pantofi-dama,DoFollow,Publicat,https://www.elle.ro/advertorial/5-lucruri-de-urmarit-atunci-cand-cumperi-pantofi-din-piele-naturala-1052667,,
,Februarie,,Viva.ro,Glemis.ro,pantofi dama din piele,https://www.glemis.ro/incaltaminte-femei-pantofi-dama,DoFollow,Publicat,https://www.viva.ro/publicitate/de-ce-sunt-pantofii-din-piele-alegerea-ideala-pentru-confort-3862268,,
,Februarie,,Unica.ro,Glemis.ro,pantofi dama,https://www.glemis.ro/incaltaminte-femei-pantofi-dama,DoFollow,Publicat,https://www.unica.ro/advertorial/5-accesorii-esentiale-pentru-ingrijirea-pantofilor-793823,,
,Februarie,,Libertateapentrufemei.ro,Glemis.ro,pantofi dama,https://www.glemis.ro/incaltaminte-femei-pantofi-dama,DoFollow,Publicat,https://www.libertateapentrufemei.ro/extra/cum-sa-depozitezi-corect-incaltamintea-din-piele-naturala-450057,,
,Februarie,,Avantaje.ro,Glemis.ro,pantofi piele dama,https://www.glemis.ro/incaltaminte-femei-pantofi-dama,DoFollow,Publicat,https://www.avantaje.ro/articol/beneficiile-pe-care-le-ofera-incaltamintea-din-piele-naturala,,